sample_time,run_name,release_idx,obs_value,is_high,is_low
2022-01-19 06:00:00,flxout_d01_20220119_050000.nc,0,0.5908810344827585,False,False
2022-01-19 07:00:00,flxout_d01_20220119_050000.nc,1,0.8634254237288136,False,False
2022-01-19 08:00:00,flxout_d01_20220119_050000.nc,2,1.372150847457627,True,False
2022-01-19 09:00:00,flxout_d01_20220119_050000.nc,3,1.428427118644068,True,False
2022-01-19 10:00:00,flxout_d01_20220119_050000.nc,4,1.290935593220339,True,False
2022-01-19 11:00:00,flxout_d01_20220119_050000.nc,5,2.078579661016949,True,False
2022-01-19 12:00:00,flxout_d01_20220119_050000.nc,6,1.13394406779661,True,False
2022-01-19 13:00:00,flxout_d01_20220119_050000.nc,7,1.216633898305085,True,False
2022-01-19 14:00:00,flxout_d01_20220119_050000.nc,8,0.6798203389830508,False,False
2022-01-19 15:00:00,flxout_d01_20220119_050000.nc,9,0.7792881355932204,False,False
2022-01-19 16:00:00,flxout_d01_20220119_050000.nc,10,0.6014101694915254,False,False
2022-01-19 17:00:00,flxout_d01_20220119_050000.nc,11,0.8237677966101695,False,False
2022-01-19 18:00:00,flxout_d01_20220119_050000.nc,12,0.4965745762711864,False,False
2022-01-19 19:00:00,flxout_d01_20220119_050000.nc,13,0.527971186440678,False,False
2022-01-19 20:00:00,flxout_d01_20220119_050000.nc,14,0.4348694915254237,False,False
2022-01-19 21:00:00,flxout_d01_20220119_050000.nc,15,0.481793220338983,False,False
2022-01-19 22:00:00,flxout_d01_20220119_050000.nc,16,0.4386084745762712,False,False
2022-01-19 23:00:00,flxout_d01_20220119_050000.nc,17,0.475006779661017,False,False
2022-01-20 00:00:00,flxout_d01_20220119_050000.nc,18,0.4529620689655172,False,False
2022-01-20 01:00:00,flxout_d01_20220119_050000.nc,19,0.3588689655172413,False,False
2022-01-20 02:00:00,flxout_d01_20220119_050000.nc,20,0.275093220338983,False,False
2022-01-20 03:00:00,flxout_d01_20220119_050000.nc,21,0.3059949152542373,False,False
2022-01-20 04:00:00,flxout_d01_20220119_050000.nc,22,0.4006135593220339,False,False
2022-01-20 05:00:00,flxout_d01_20220119_050000.nc,23,0.3195101694915254,False,False
2022-01-20 06:00:00,flxout_d01_20220120_050000.nc,0,0.601622033898305,False,False
2022-01-20 07:00:00,flxout_d01_20220120_050000.nc,1,0.6672440677966103,False,False
2022-01-20 08:00:00,flxout_d01_20220120_050000.nc,2,1.098850847457627,True,False
2022-01-20 09:00:00,flxout_d01_20220120_050000.nc,3,0.8227593220338983,False,False
2022-01-20 10:00:00,flxout_d01_20220120_050000.nc,4,0.6883661016949152,False,False
2022-01-20 11:00:00,flxout_d01_20220120_050000.nc,5,0.603106779661017,False,False
2022-01-20 12:00:00,flxout_d01_20220120_050000.nc,6,1.035406779661017,True,False
2022-01-20 13:00:00,flxout_d01_20220120_050000.nc,7,1.485679661016949,True,False
2022-01-20 14:00:00,flxout_d01_20220120_050000.nc,8,1.345530508474576,True,False
2022-01-20 15:00:00,flxout_d01_20220120_050000.nc,9,0.6429305084745763,False,False
2022-01-20 16:00:00,flxout_d01_20220120_050000.nc,10,0.8364672413793103,False,False
2022-01-20 17:00:00,flxout_d01_20220120_050000.nc,11,1.154212068965517,True,False
2022-01-20 18:00:00,flxout_d01_20220120_050000.nc,12,0.885771186440678,False,False
2022-01-20 19:00:00,flxout_d01_20220120_050000.nc,13,0.8884016949152542,False,False
2022-01-20 20:00:00,flxout_d01_20220120_050000.nc,14,0.8561898305084745,False,False
2022-01-20 21:00:00,flxout_d01_20220120_050000.nc,15,0.8619152542372882,False,False
2022-01-20 22:00:00,flxout_d01_20220120_050000.nc,16,0.6934423728813559,False,False
2022-01-20 23:00:00,flxout_d01_20220120_050000.nc,17,0.5772711864406779,False,False
2022-01-21 00:00:00,flxout_d01_20220120_050000.nc,18,0.597928813559322,False,False
2022-01-21 01:00:00,flxout_d01_20220120_050000.nc,19,0.4551389830508475,False,False
2022-01-21 02:00:00,flxout_d01_20220120_050000.nc,20,0.426557627118644,False,False
2022-01-21 03:00:00,flxout_d01_20220120_050000.nc,21,0.4485033898305085,False,False
2022-01-21 04:00:00,flxout_d01_20220120_050000.nc,22,0.5381779661016949,False,False
2022-01-21 05:00:00,flxout_d01_20220120_050000.nc,23,0.5833779661016949,False,False
2022-01-21 06:00:00,flxout_d01_20220121_050000.nc,0,0.7556745762711865,False,False
2022-01-21 07:00:00,flxout_d01_20220121_050000.nc,1,0.8762830508474576,False,False
2022-01-21 08:00:00,flxout_d01_20220121_050000.nc,2,1.031223728813559,True,False
2022-01-21 09:00:00,flxout_d01_20220121_050000.nc,3,0.9173542372881356,False,False
2022-01-21 10:00:00,flxout_d01_20220121_050000.nc,4,0.8370000000000001,False,False
2022-01-21 11:00:00,flxout_d01_20220121_050000.nc,5,0.4282779661016949,False,False
2022-01-21 12:00:00,flxout_d01_20220121_050000.nc,6,0.6693728813559322,False,False
2022-01-21 13:00:00,flxout_d01_20220121_050000.nc,7,0.7203033898305085,False,False
2022-01-21 14:00:00,flxout_d01_20220121_050000.nc,8,0.8655593220338983,False,False
2022-01-21 15:00:00,flxout_d01_20220121_050000.nc,9,0.7853271186440678,False,False
2022-01-21 16:00:00,flxout_d01_20220121_050000.nc,10,1.756679310344827,True,False
2022-01-21 17:00:00,flxout_d01_20220121_050000.nc,11,1.561639655172414,True,False
2022-01-21 18:00:00,flxout_d01_20220121_050000.nc,12,1.341769491525424,True,False
2022-01-21 19:00:00,flxout_d01_20220121_050000.nc,13,1.628537288135593,True,False
2022-01-21 20:00:00,flxout_d01_20220121_050000.nc,14,1.36363220338983,True,False
2022-01-21 21:00:00,flxout_d01_20220121_050000.nc,15,0.9887389830508474,True,False
2022-01-21 22:00:00,flxout_d01_20220121_050000.nc,16,0.8459322033898304,False,False
2022-01-21 23:00:00,flxout_d01_20220121_050000.nc,17,0.9170457627118644,False,False
2022-01-22 00:00:00,flxout_d01_20220121_050000.nc,18,1.012042372881356,True,False
2022-01-22 01:00:00,flxout_d01_20220121_050000.nc,19,0.9970135593220338,True,False
2022-01-22 02:00:00,flxout_d01_20220121_050000.nc,20,0.9910932203389832,True,False
2022-01-22 03:00:00,flxout_d01_20220121_050000.nc,21,0.4961586206896552,False,False
2022-01-22 04:00:00,flxout_d01_20220121_050000.nc,22,0.2736,False,False
2022-01-22 05:00:00,flxout_d01_20220121_050000.nc,23,0.2598440677966102,False,False
2022-01-22 06:00:00,flxout_d01_20220122_050000.nc,0,0.2625,False,False
2022-01-22 07:00:00,flxout_d01_20220122_050000.nc,1,0.2713542372881356,False,False
2022-01-22 08:00:00,flxout_d01_20220122_050000.nc,2,0.2715779661016949,False,False
2022-01-22 09:00:00,flxout_d01_20220122_050000.nc,3,0.3383847457627119,False,False
2022-01-22 10:00:00,flxout_d01_20220122_050000.nc,4,0.6290406779661016,False,False
2022-01-22 11:00:00,flxout_d01_20220122_050000.nc,5,0.9079915254237289,False,False
2022-01-22 12:00:00,flxout_d01_20220122_050000.nc,6,0.6172406779661017,False,False
2022-01-22 13:00:00,flxout_d01_20220122_050000.nc,7,0.7006525423728814,False,False
2022-01-22 14:00:00,flxout_d01_20220122_050000.nc,8,0.6866237288135594,False,False
2022-01-22 15:00:00,flxout_d01_20220122_050000.nc,9,0.4797881355932204,False,False
2022-01-22 16:00:00,flxout_d01_20220122_050000.nc,10,0.4551474576271187,False,False
2022-01-22 17:00:00,flxout_d01_20220122_050000.nc,11,0.7293305084745764,False,False
2022-01-22 18:00:00,flxout_d01_20220122_050000.nc,12,0.6472457627118644,False,False
2022-01-22 19:00:00,flxout_d01_20220122_050000.nc,13,0.5880593220338983,False,False
2022-01-22 20:00:00,flxout_d01_20220122_050000.nc,14,0.7192016949152543,False,False
2022-01-22 21:00:00,flxout_d01_20220122_050000.nc,15,0.7579050847457627,False,False
2022-01-22 22:00:00,flxout_d01_20220122_050000.nc,16,0.704557627118644,False,False
2022-01-22 23:00:00,flxout_d01_20220122_050000.nc,17,0.6984474576271186,False,False
2022-01-23 00:00:00,flxout_d01_20220122_050000.nc,18,0.7576983050847458,False,False
2022-01-23 01:00:00,flxout_d01_20220122_050000.nc,19,0.777922033898305,False,False
2022-01-23 02:00:00,flxout_d01_20220122_050000.nc,20,0.7463677966101695,False,False
2022-01-23 03:00:00,flxout_d01_20220122_050000.nc,21,0.5872389830508475,False,False
2022-01-23 04:00:00,flxout_d01_20220122_050000.nc,22,0.3329847457627119,False,False
2022-01-23 05:00:00,flxout_d01_20220122_050000.nc,23,0.2295084745762712,False,False
2022-01-23 06:00:00,flxout_d01_20220123_050000.nc,0,0.1780254237288136,False,False
2022-01-23 07:00:00,flxout_d01_20220123_050000.nc,1,0.1573152542372881,False,True
2022-01-23 08:00:00,flxout_d01_20220123_050000.nc,2,0.1714983050847458,False,False
2022-01-23 09:00:00,flxout_d01_20220123_050000.nc,3,0.3689084745762712,False,False
2022-01-23 10:00:00,flxout_d01_20220123_050000.nc,4,0.2946779661016949,False,False
2022-01-23 11:00:00,flxout_d01_20220123_050000.nc,5,0.3306220338983051,False,False
2022-01-23 12:00:00,flxout_d01_20220123_050000.nc,6,0.4041813559322034,False,False
2022-01-23 13:00:00,flxout_d01_20220123_050000.nc,7,0.6222033898305085,False,False
2022-01-23 14:00:00,flxout_d01_20220123_050000.nc,8,0.6471186440677966,False,False
2022-01-23 15:00:00,flxout_d01_20220123_050000.nc,9,0.7591694915254237,False,False
2022-01-23 16:00:00,flxout_d01_20220123_050000.nc,10,1.298038983050847,True,False
2022-01-23 17:00:00,flxout_d01_20220123_050000.nc,11,1.418940677966102,True,False
2022-01-23 18:00:00,flxout_d01_20220123_050000.nc,12,1.169120338983051,True,False
2022-01-23 19:00:00,flxout_d01_20220123_050000.nc,13,1.309513559322034,True,False
2022-01-23 20:00:00,flxout_d01_20220123_050000.nc,14,1.114591525423729,True,False
2022-01-23 21:00:00,flxout_d01_20220123_050000.nc,15,0.8055035714285713,False,False
2022-01-23 22:00:00,flxout_d01_20220123_050000.nc,16,0.6322603448275863,False,False
2022-01-23 23:00:00,flxout_d01_20220123_050000.nc,17,0.4786275862068965,False,False
2022-01-24 00:00:00,flxout_d01_20220123_050000.nc,18,0.239364406779661,False,False
2022-01-24 01:00:00,flxout_d01_20220123_050000.nc,19,0.200164406779661,False,False
2022-01-24 02:00:00,flxout_d01_20220123_050000.nc,20,0.2310186440677966,False,False
2022-01-24 03:00:00,flxout_d01_20220123_050000.nc,21,0.2577033898305084,False,False
2022-01-24 04:00:00,flxout_d01_20220123_050000.nc,22,0.2022115384615385,False,False
2022-01-24 05:00:00,flxout_d01_20220123_050000.nc,23,,False,False
2022-01-24 06:00:00,flxout_d01_20220124_050000.nc,0,,False,False
2022-01-24 07:00:00,flxout_d01_20220124_050000.nc,1,0.2139714285714286,False,False
2022-01-24 08:00:00,flxout_d01_20220124_050000.nc,2,0.2452084745762712,False,False
2022-01-24 09:00:00,flxout_d01_20220124_050000.nc,3,0.2034423728813559,False,False
2022-01-24 10:00:00,flxout_d01_20220124_050000.nc,4,0.1189847457627119,False,True
2022-01-24 11:00:00,flxout_d01_20220124_050000.nc,5,0.1419237288135593,False,True
2022-01-24 12:00:00,flxout_d01_20220124_050000.nc,6,0.2045322033898305,False,False
2022-01-24 13:00:00,flxout_d01_20220124_050000.nc,7,0.6641101694915253,False,False
2022-01-24 14:00:00,flxout_d01_20220124_050000.nc,8,0.8679491525423729,False,False
2022-01-24 15:00:00,flxout_d01_20220124_050000.nc,9,0.9398254237288136,False,False
2022-01-24 16:00:00,flxout_d01_20220124_050000.nc,10,0.4175508474576271,False,False
2022-01-24 17:00:00,flxout_d01_20220124_050000.nc,11,0.6005983050847458,False,False
2022-01-24 18:00:00,flxout_d01_20220124_050000.nc,12,0.8263186440677966,False,False
2022-01-24 19:00:00,flxout_d01_20220124_050000.nc,13,1.04681186440678,True,False
2022-01-24 20:00:00,flxout_d01_20220124_050000.nc,14,1.135849152542373,True,False
2022-01-24 21:00:00,flxout_d01_20220124_050000.nc,15,0.8993932203389831,False,False
2022-01-24 22:00:00,flxout_d01_20220124_050000.nc,16,0.4941711864406779,False,False
2022-01-24 23:00:00,flxout_d01_20220124_050000.nc,17,0.5436305084745763,False,False
2022-01-25 00:00:00,flxout_d01_20220124_050000.nc,18,0.669564406779661,False,False
2022-01-25 01:00:00,flxout_d01_20220124_050000.nc,19,0.4941982758620689,False,False
2022-01-25 02:00:00,flxout_d01_20220124_050000.nc,20,0.242757627118644,False,False
2022-01-25 03:00:00,flxout_d01_20220124_050000.nc,21,0.2212186440677966,False,False
2022-01-25 04:00:00,flxout_d01_20220124_050000.nc,22,0.2171559322033898,False,False
2022-01-25 05:00:00,flxout_d01_20220124_050000.nc,23,0.2027271186440678,False,False
2022-01-25 06:00:00,flxout_d01_20220125_050000.nc,0,0.2000152542372881,False,False
2022-01-25 07:00:00,flxout_d01_20220125_050000.nc,1,0.174606779661017,False,False
2022-01-25 08:00:00,flxout_d01_20220125_050000.nc,2,0.1477559322033898,False,True
2022-01-25 09:00:00,flxout_d01_20220125_050000.nc,3,0.110371186440678,False,True
2022-01-25 10:00:00,flxout_d01_20220125_050000.nc,4,0.1316694915254237,False,True
2022-01-25 11:00:00,flxout_d01_20220125_050000.nc,5,0.1427864406779661,False,True
2022-01-25 12:00:00,flxout_d01_20220125_050000.nc,6,0.1367694915254237,False,True
2022-01-25 13:00:00,flxout_d01_20220125_050000.nc,7,0.1475067796610169,False,True
2022-01-25 14:00:00,flxout_d01_20220125_050000.nc,8,0.1565677966101695,False,True
2022-01-25 15:00:00,flxout_d01_20220125_050000.nc,9,0.2386881355932203,False,False
2022-01-25 16:00:00,flxout_d01_20220125_050000.nc,10,0.2211610169491526,False,False
2022-01-25 17:00:00,flxout_d01_20220125_050000.nc,11,0.342335593220339,False,False
2022-01-25 18:00:00,flxout_d01_20220125_050000.nc,12,0.5595915254237288,False,False
2022-01-25 19:00:00,flxout_d01_20220125_050000.nc,13,0.4231576271186441,False,False
2022-01-25 20:00:00,flxout_d01_20220125_050000.nc,14,0.5880711864406779,False,False
2022-01-25 21:00:00,flxout_d01_20220125_050000.nc,15,0.7567983050847458,False,False
2022-01-25 22:00:00,flxout_d01_20220125_050000.nc,16,0.3071830508474576,False,False
2022-01-25 23:00:00,flxout_d01_20220125_050000.nc,17,0.3955881355932204,False,False
2022-01-26 00:00:00,flxout_d01_20220125_050000.nc,18,0.3486186440677966,False,False
2022-01-26 01:00:00,flxout_d01_20220125_050000.nc,19,0.3701448275862069,False,False
2022-01-26 02:00:00,flxout_d01_20220125_050000.nc,20,0.3389694915254237,False,False
2022-01-26 03:00:00,flxout_d01_20220125_050000.nc,21,0.3226728813559322,False,False
2022-01-26 04:00:00,flxout_d01_20220125_050000.nc,22,0.2094457627118644,False,False
2022-01-26 05:00:00,flxout_d01_20220125_050000.nc,23,0.2269864406779661,False,False
2022-01-26 06:00:00,flxout_d01_20220126_050000.nc,0,0.328235593220339,False,False
2022-01-26 07:00:00,flxout_d01_20220126_050000.nc,1,0.5037559322033898,False,False
2022-01-26 08:00:00,flxout_d01_20220126_050000.nc,2,0.9307610169491526,False,False
2022-01-26 09:00:00,flxout_d01_20220126_050000.nc,3,0.7388559322033899,False,False
2022-01-26 10:00:00,flxout_d01_20220126_050000.nc,4,0.3990152542372881,False,False
2022-01-26 11:00:00,flxout_d01_20220126_050000.nc,5,0.5080305084745763,False,False
2022-01-26 12:00:00,flxout_d01_20220126_050000.nc,6,0.650464406779661,False,False
2022-01-26 13:00:00,flxout_d01_20220126_050000.nc,7,0.3624661016949153,False,False
2022-01-26 14:00:00,flxout_d01_20220126_050000.nc,8,0.5414949152542373,False,False
2022-01-26 15:00:00,flxout_d01_20220126_050000.nc,9,0.792764406779661,False,False
2022-01-26 16:00:00,flxout_d01_20220126_050000.nc,10,1.461406779661017,True,False
2022-01-26 17:00:00,flxout_d01_20220126_050000.nc,11,1.5553,True,False
2022-01-26 18:00:00,flxout_d01_20220126_050000.nc,12,1.27044406779661,True,False
2022-01-26 19:00:00,flxout_d01_20220126_050000.nc,13,1.100177966101695,True,False
2022-01-26 20:00:00,flxout_d01_20220126_050000.nc,14,0.7724881355932203,False,False
2022-01-26 21:00:00,flxout_d01_20220126_050000.nc,15,0.8403864406779661,False,False
2022-01-26 22:00:00,flxout_d01_20220126_050000.nc,16,0.9158813559322032,False,False
2022-01-26 23:00:00,flxout_d01_20220126_050000.nc,17,0.9895881355932205,True,False
2022-01-27 00:00:00,flxout_d01_20220126_050000.nc,18,0.8906661016949153,False,False
2022-01-27 01:00:00,flxout_d01_20220126_050000.nc,19,0.6153559322033898,False,False
2022-01-27 02:00:00,flxout_d01_20220126_050000.nc,20,0.4993983050847458,False,False
2022-01-27 03:00:00,flxout_d01_20220126_050000.nc,21,0.4708677966101695,False,False
2022-01-27 04:00:00,flxout_d01_20220126_050000.nc,22,0.3655949152542373,False,False
2022-01-27 05:00:00,flxout_d01_20220126_050000.nc,23,0.4244186440677966,False,False
2022-01-27 06:00:00,flxout_d01_20220127_050000.nc,0,0.585093220338983,False,False
2022-01-27 07:00:00,flxout_d01_20220127_050000.nc,1,0.5798542372881356,False,False
2022-01-27 08:00:00,flxout_d01_20220127_050000.nc,2,0.5464135593220338,False,False
2022-01-27 09:00:00,flxout_d01_20220127_050000.nc,3,0.808942372881356,False,False
2022-01-27 10:00:00,flxout_d01_20220127_050000.nc,4,0.6551,False,False
2022-01-27 11:00:00,flxout_d01_20220127_050000.nc,5,0.4518610169491525,False,False
2022-01-27 12:00:00,flxout_d01_20220127_050000.nc,6,0.5027898305084746,False,False
2022-01-27 13:00:00,flxout_d01_20220127_050000.nc,7,0.4923508474576271,False,False
2022-01-27 14:00:00,flxout_d01_20220127_050000.nc,8,0.5115101694915254,False,False
2022-01-27 15:00:00,flxout_d01_20220127_050000.nc,9,0.2320254237288136,False,False
2022-01-27 16:00:00,flxout_d01_20220127_050000.nc,10,0.3740627118644068,False,False
2022-01-27 17:00:00,flxout_d01_20220127_050000.nc,11,0.3199372881355932,False,False
2022-01-27 18:00:00,flxout_d01_20220127_050000.nc,12,0.2642847457627119,False,False
2022-01-27 19:00:00,flxout_d01_20220127_050000.nc,13,0.3063237288135593,False,False
2022-01-27 20:00:00,flxout_d01_20220127_050000.nc,14,0.40822,False,False
2022-01-27 21:00:00,flxout_d01_20220127_050000.nc,15,,False,False
2022-01-27 22:00:00,flxout_d01_20220127_050000.nc,16,,False,False
2022-01-27 23:00:00,flxout_d01_20220127_050000.nc,17,0.3089368421052631,False,False
2022-01-28 00:00:00,flxout_d01_20220127_050000.nc,18,0.3377932203389831,False,False
2022-01-28 01:00:00,flxout_d01_20220127_050000.nc,19,0.4369423728813559,False,False
2022-01-28 02:00:00,flxout_d01_20220127_050000.nc,20,0.3735220338983051,False,False
2022-01-28 03:00:00,flxout_d01_20220127_050000.nc,21,0.1604135593220339,False,False
2022-01-28 04:00:00,flxout_d01_20220127_050000.nc,22,0.1836271186440678,False,False
2022-01-28 05:00:00,flxout_d01_20220127_050000.nc,23,0.2004338983050847,False,False
2022-01-28 06:00:00,flxout_d01_20220128_050000.nc,0,0.2179,False,False
2022-01-28 07:00:00,flxout_d01_20220128_050000.nc,1,0.2295610169491525,False,False
2022-01-28 08:00:00,flxout_d01_20220128_050000.nc,2,0.2743050847457627,False,False
2022-01-28 09:00:00,flxout_d01_20220128_050000.nc,3,0.2146847457627118,False,False
2022-01-28 10:00:00,flxout_d01_20220128_050000.nc,4,0.200671186440678,False,False
2022-01-28 11:00:00,flxout_d01_20220128_050000.nc,5,0.1610694915254237,False,False
2022-01-28 12:00:00,flxout_d01_20220128_050000.nc,6,0.2295118644067796,False,False
2022-01-28 13:00:00,flxout_d01_20220128_050000.nc,7,0.2473694915254237,False,False
2022-01-28 14:00:00,flxout_d01_20220128_050000.nc,8,0.2152033898305085,False,False
2022-01-28 15:00:00,flxout_d01_20220128_050000.nc,9,0.1932593220338983,False,False
2022-01-28 16:00:00,flxout_d01_20220128_050000.nc,10,0.2830431818181818,False,False
2022-01-28 17:00:00,flxout_d01_20220128_050000.nc,11,0.131364,False,True
2022-01-28 18:00:00,flxout_d01_20220128_050000.nc,12,0.1241627118644068,False,True
2022-01-28 19:00:00,flxout_d01_20220128_050000.nc,13,0.1358949152542373,False,True
2022-01-28 20:00:00,flxout_d01_20220128_050000.nc,14,0.1827949152542373,False,False
2022-01-28 21:00:00,flxout_d01_20220128_050000.nc,15,0.2649627118644068,False,False
2022-01-28 22:00:00,flxout_d01_20220128_050000.nc,16,0.3561389830508475,False,False
2022-01-28 23:00:00,flxout_d01_20220128_050000.nc,17,0.3157186440677966,False,False
2022-01-29 00:00:00,flxout_d01_20220128_050000.nc,18,0.3838661016949153,False,False
2022-01-29 01:00:00,flxout_d01_20220128_050000.nc,19,0.3451610169491525,False,False
2022-01-29 02:00:00,flxout_d01_20220128_050000.nc,20,0.3194474576271186,False,False
2022-01-29 03:00:00,flxout_d01_20220128_050000.nc,21,0.2493084745762712,False,False
2022-01-29 04:00:00,flxout_d01_20220128_050000.nc,22,0.2254305084745763,False,False
2022-01-29 05:00:00,flxout_d01_20220128_050000.nc,23,0.2914338983050848,False,False
2022-01-29 06:00:00,flxout_d01_20220129_050000.nc,0,0.3126677966101695,False,False
2022-01-29 07:00:00,flxout_d01_20220129_050000.nc,1,0.2787796610169492,False,False
2022-01-29 08:00:00,flxout_d01_20220129_050000.nc,2,0.307157627118644,False,False
2022-01-29 09:00:00,flxout_d01_20220129_050000.nc,3,0.4838966101694915,False,False
2022-01-29 10:00:00,flxout_d01_20220129_050000.nc,4,0.3770152542372882,False,False
2022-01-29 11:00:00,flxout_d01_20220129_050000.nc,5,0.5872847457627118,False,False
2022-01-29 12:00:00,flxout_d01_20220129_050000.nc,6,0.4674610169491525,False,False
2022-01-29 13:00:00,flxout_d01_20220129_050000.nc,7,0.5750067796610169,False,False
2022-01-29 14:00:00,flxout_d01_20220129_050000.nc,8,0.7451576271186441,False,False
2022-01-29 15:00:00,flxout_d01_20220129_050000.nc,9,0.7997474576271186,False,False
2022-01-29 16:00:00,flxout_d01_20220129_050000.nc,10,1.350374576271187,True,False
2022-01-29 17:00:00,flxout_d01_20220129_050000.nc,11,0.3507305084745763,False,False
2022-01-29 18:00:00,flxout_d01_20220129_050000.nc,12,0.1659745762711864,False,False
2022-01-29 19:00:00,flxout_d01_20220129_050000.nc,13,0.2343033898305085,False,False
2022-01-29 20:00:00,flxout_d01_20220129_050000.nc,14,0.5054762711864407,False,False
2022-01-29 21:00:00,flxout_d01_20220129_050000.nc,15,0.4785,False,False
2022-01-29 22:00:00,flxout_d01_20220129_050000.nc,16,0.667142372881356,False,False
2022-01-29 23:00:00,flxout_d01_20220129_050000.nc,17,0.5627813559322035,False,False
2022-01-30 00:00:00,flxout_d01_20220129_050000.nc,18,0.6274135593220339,False,False
2022-01-30 01:00:00,flxout_d01_20220129_050000.nc,19,0.379193220338983,False,False
2022-01-30 02:00:00,flxout_d01_20220129_050000.nc,20,0.2349431034482758,False,False
2022-01-30 03:00:00,flxout_d01_20220129_050000.nc,21,0.2647413793103449,False,False
2022-01-30 04:00:00,flxout_d01_20220129_050000.nc,22,0.2484101694915254,False,False
2022-01-30 05:00:00,flxout_d01_20220129_050000.nc,23,0.2365016949152542,False,False
2022-01-30 06:00:00,flxout_d01_20220130_050000.nc,0,0.2074152542372882,False,False
2022-01-30 07:00:00,flxout_d01_20220130_050000.nc,1,0.2204830508474576,False,False
2022-01-30 08:00:00,flxout_d01_20220130_050000.nc,2,0.1962440677966102,False,False
2022-01-30 09:00:00,flxout_d01_20220130_050000.nc,3,0.2348220338983051,False,False
2022-01-30 10:00:00,flxout_d01_20220130_050000.nc,4,0.3084677966101695,False,False
2022-01-30 11:00:00,flxout_d01_20220130_050000.nc,5,0.3250728813559322,False,False
2022-01-30 12:00:00,flxout_d01_20220130_050000.nc,6,0.3020389830508475,False,False
2022-01-30 13:00:00,flxout_d01_20220130_050000.nc,7,0.2824915254237289,False,False
2022-01-30 14:00:00,flxout_d01_20220130_050000.nc,8,0.2136610169491525,False,False
2022-01-30 15:00:00,flxout_d01_20220130_050000.nc,9,0.2030271186440678,False,False
2022-01-30 16:00:00,flxout_d01_20220130_050000.nc,10,0.3301322033898305,False,False
2022-01-30 17:00:00,flxout_d01_20220130_050000.nc,11,0.3977186440677966,False,False
2022-01-30 18:00:00,flxout_d01_20220130_050000.nc,12,0.6224830508474577,False,False
2022-01-30 19:00:00,flxout_d01_20220130_050000.nc,13,0.7328830508474576,False,False
2022-01-30 20:00:00,flxout_d01_20220130_050000.nc,14,0.5500898305084746,False,False
2022-01-30 21:00:00,flxout_d01_20220130_050000.nc,15,0.7387610169491525,False,False
2022-01-30 22:00:00,flxout_d01_20220130_050000.nc,16,0.394693220338983,False,False
2022-01-30 23:00:00,flxout_d01_20220130_050000.nc,17,0.3623050847457627,False,False
2022-01-31 00:00:00,flxout_d01_20220130_050000.nc,18,0.5748271186440678,False,False
2022-01-31 01:00:00,flxout_d01_20220130_050000.nc,19,0.5763372881355933,False,False
2022-01-31 02:00:00,flxout_d01_20220130_050000.nc,20,0.5044762711864407,False,False
2022-01-31 03:00:00,flxout_d01_20220130_050000.nc,21,0.4351152542372881,False,False
2022-01-31 04:00:00,flxout_d01_20220130_050000.nc,22,0.3300542372881355,False,False
2022-01-31 05:00:00,flxout_d01_20220130_050000.nc,23,0.3615152542372881,False,False
2022-01-31 06:00:00,flxout_d01_20220131_050000.nc,0,0.4699983050847458,False,False
2022-01-31 07:00:00,flxout_d01_20220131_050000.nc,1,0.6827779661016949,False,False
2022-01-31 08:00:00,flxout_d01_20220131_050000.nc,2,0.7838779661016949,False,False
2022-01-31 09:00:00,flxout_d01_20220131_050000.nc,3,0.6985288135593221,False,False
2022-01-31 10:00:00,flxout_d01_20220131_050000.nc,4,0.6118152542372881,False,False
2022-01-31 11:00:00,flxout_d01_20220131_050000.nc,5,0.9388220338983052,False,False
2022-01-31 12:00:00,flxout_d01_20220131_050000.nc,6,0.7492661016949153,False,False
2022-01-31 13:00:00,flxout_d01_20220131_050000.nc,7,0.6919203389830509,False,False
2022-01-31 14:00:00,flxout_d01_20220131_050000.nc,8,0.6671881355932203,False,False
2022-01-31 15:00:00,flxout_d01_20220131_050000.nc,9,0.9698694915254236,True,False
2022-01-31 16:00:00,flxout_d01_20220131_050000.nc,10,1.016115254237288,True,False
2022-01-31 17:00:00,flxout_d01_20220131_050000.nc,11,1.470761016949153,True,False
2022-01-31 18:00:00,flxout_d01_20220131_050000.nc,12,1.135571186440678,True,False
2022-01-31 19:00:00,flxout_d01_20220131_050000.nc,13,1.055730508474576,True,False
2022-01-31 20:00:00,flxout_d01_20220131_050000.nc,14,0.776493220338983,False,False
2022-01-31 21:00:00,flxout_d01_20220131_050000.nc,15,0.5183593220338982,False,False
2022-01-31 22:00:00,flxout_d01_20220131_050000.nc,16,0.4024525423728814,False,False
2022-01-31 23:00:00,flxout_d01_20220131_050000.nc,17,0.5215779661016949,False,False
2022-02-01 00:00:00,flxout_d01_20220131_050000.nc,18,0.6940322033898304,False,False
2022-02-01 01:00:00,flxout_d01_20220131_050000.nc,19,0.8182694915254237,False,False
2022-02-01 02:00:00,flxout_d01_20220131_050000.nc,20,0.588822033898305,False,False
2022-02-01 03:00:00,flxout_d01_20220131_050000.nc,21,0.3221677966101695,False,False
2022-02-01 04:00:00,flxout_d01_20220131_050000.nc,22,0.4128932203389831,False,False
2022-02-01 05:00:00,flxout_d01_20220131_050000.nc,23,0.2582203389830509,False,False
2022-02-01 06:00:00,flxout_d01_20220201_050000.nc,0,0.4179186440677966,False,False
2022-02-01 07:00:00,flxout_d01_20220201_050000.nc,1,0.9587084745762712,True,False
2022-02-01 08:00:00,flxout_d01_20220201_050000.nc,2,1.201105084745763,True,False
2022-02-01 09:00:00,flxout_d01_20220201_050000.nc,3,1.221505084745763,True,False
2022-02-01 10:00:00,flxout_d01_20220201_050000.nc,4,0.5284220338983051,False,False
2022-02-01 11:00:00,flxout_d01_20220201_050000.nc,5,0.6381694915254238,False,False
2022-02-01 12:00:00,flxout_d01_20220201_050000.nc,6,0.766328813559322,False,False
2022-02-01 13:00:00,flxout_d01_20220201_050000.nc,7,0.8044796610169492,False,False
2022-02-01 14:00:00,flxout_d01_20220201_050000.nc,8,1.481515254237288,True,False
2022-02-01 15:00:00,flxout_d01_20220201_050000.nc,9,1.64346779661017,True,False
2022-02-01 16:00:00,flxout_d01_20220201_050000.nc,10,1.566583050847458,True,False
2022-02-01 17:00:00,flxout_d01_20220201_050000.nc,11,3.595677966101695,True,False
2022-02-01 18:00:00,flxout_d01_20220201_050000.nc,12,1.116122033898305,True,False
2022-02-01 19:00:00,flxout_d01_20220201_050000.nc,13,1.359079661016949,True,False
2022-02-01 20:00:00,flxout_d01_20220201_050000.nc,14,1.389233898305085,True,False
2022-02-01 21:00:00,flxout_d01_20220201_050000.nc,15,1.244549152542373,True,False
2022-02-01 22:00:00,flxout_d01_20220201_050000.nc,16,0.7346118644067797,False,False
2022-02-01 23:00:00,flxout_d01_20220201_050000.nc,17,0.5429689655172414,False,False
2022-02-02 00:00:00,flxout_d01_20220201_050000.nc,18,0.4501322033898305,False,False
2022-02-02 01:00:00,flxout_d01_20220201_050000.nc,19,0.2763847457627118,False,False
2022-02-02 02:00:00,flxout_d01_20220201_050000.nc,20,0.302293220338983,False,False
2022-02-02 03:00:00,flxout_d01_20220201_050000.nc,21,0.2297406779661017,False,False
2022-02-02 04:00:00,flxout_d01_20220201_050000.nc,22,0.2001864406779661,False,False
2022-02-02 05:00:00,flxout_d01_20220201_050000.nc,23,0.2350796610169492,False,False
2022-02-02 06:00:00,flxout_d01_20220202_050000.nc,0,0.4651830508474576,False,False
2022-02-02 07:00:00,flxout_d01_20220202_050000.nc,1,0.383535593220339,False,False
2022-02-02 08:00:00,flxout_d01_20220202_050000.nc,2,0.8806322033898305,False,False
2022-02-02 09:00:00,flxout_d01_20220202_050000.nc,3,0.8472033898305085,False,False
2022-02-02 10:00:00,flxout_d01_20220202_050000.nc,4,1.032338983050847,True,False
2022-02-02 11:00:00,flxout_d01_20220202_050000.nc,5,0.4735237288135593,False,False
2022-02-02 12:00:00,flxout_d01_20220202_050000.nc,6,0.8059949152542373,False,False
2022-02-02 13:00:00,flxout_d01_20220202_050000.nc,7,0.8182677966101695,False,False
2022-02-02 14:00:00,flxout_d01_20220202_050000.nc,8,0.6101440677966101,False,False
2022-02-02 15:00:00,flxout_d01_20220202_050000.nc,9,1.031162711864407,True,False
2022-02-02 16:00:00,flxout_d01_20220202_050000.nc,10,1.334383050847458,True,False
2022-02-02 17:00:00,flxout_d01_20220202_050000.nc,11,0.9630016949152542,True,False
2022-02-02 18:00:00,flxout_d01_20220202_050000.nc,12,1.129001694915254,True,False
2022-02-02 19:00:00,flxout_d01_20220202_050000.nc,13,1.266584745762712,True,False
2022-02-02 20:00:00,flxout_d01_20220202_050000.nc,14,1.165393220338983,True,False
2022-02-02 21:00:00,flxout_d01_20220202_050000.nc,15,0.7113677966101695,False,False
2022-02-02 22:00:00,flxout_d01_20220202_050000.nc,16,0.6334779661016949,False,False
2022-02-02 23:00:00,flxout_d01_20220202_050000.nc,17,0.7698525423728814,False,False
2022-02-03 00:00:00,flxout_d01_20220202_050000.nc,18,0.5630724137931035,False,False
2022-02-03 01:00:00,flxout_d01_20220202_050000.nc,19,0.4151254237288136,False,False
2022-02-03 02:00:00,flxout_d01_20220202_050000.nc,20,0.6192593220338982,False,False
2022-02-03 03:00:00,flxout_d01_20220202_050000.nc,21,0.3355830508474576,False,False
2022-02-03 04:00:00,flxout_d01_20220202_050000.nc,22,0.2750779661016949,False,False
2022-02-03 05:00:00,flxout_d01_20220202_050000.nc,23,0.4229610169491525,False,False
2022-02-03 06:00:00,flxout_d01_20220203_050000.nc,0,1.16774406779661,True,False
2022-02-03 07:00:00,flxout_d01_20220203_050000.nc,1,0.9648186440677966,True,False
2022-02-03 08:00:00,flxout_d01_20220203_050000.nc,2,1.113993220338983,True,False
2022-02-03 09:00:00,flxout_d01_20220203_050000.nc,3,0.7848118644067796,False,False
2022-02-03 10:00:00,flxout_d01_20220203_050000.nc,4,0.6798135593220339,False,False
2022-02-03 11:00:00,flxout_d01_20220203_050000.nc,5,1.108615254237288,True,False
2022-02-03 12:00:00,flxout_d01_20220203_050000.nc,6,1.603637288135593,True,False
2022-02-03 13:00:00,flxout_d01_20220203_050000.nc,7,1.307016949152543,True,False
2022-02-03 14:00:00,flxout_d01_20220203_050000.nc,8,0.9115016949152542,False,False
2022-02-03 15:00:00,flxout_d01_20220203_050000.nc,9,0.2350457627118644,False,False
2022-02-03 16:00:00,flxout_d01_20220203_050000.nc,10,0.258864406779661,False,False
2022-02-03 17:00:00,flxout_d01_20220203_050000.nc,11,0.178525,False,False
2022-02-03 18:00:00,flxout_d01_20220203_050000.nc,12,,False,False
2022-02-03 19:00:00,flxout_d01_20220203_050000.nc,13,,False,False
2022-02-03 20:00:00,flxout_d01_20220203_050000.nc,14,0.2036875,False,False
2022-02-03 21:00:00,flxout_d01_20220203_050000.nc,15,0.1996864406779661,False,False
2022-02-03 22:00:00,flxout_d01_20220203_050000.nc,16,0.1722508474576271,False,False
2022-02-03 23:00:00,flxout_d01_20220203_050000.nc,17,0.1967661016949152,False,False
2022-02-04 00:00:00,flxout_d01_20220203_050000.nc,18,0.2191118644067797,False,False
2022-02-04 01:00:00,flxout_d01_20220203_050000.nc,19,0.1950101694915254,False,False
2022-02-04 02:00:00,flxout_d01_20220203_050000.nc,20,0.2408966101694915,False,False
2022-02-04 03:00:00,flxout_d01_20220203_050000.nc,21,0.4613661016949153,False,False
2022-02-04 04:00:00,flxout_d01_20220203_050000.nc,22,0.4348898305084746,False,False
2022-02-04 05:00:00,flxout_d01_20220203_050000.nc,23,0.4216898305084746,False,False
2022-02-04 06:00:00,flxout_d01_20220204_050000.nc,0,0.5899271186440678,False,False
2022-02-04 07:00:00,flxout_d01_20220204_050000.nc,1,0.5851745762711865,False,False
2022-02-04 08:00:00,flxout_d01_20220204_050000.nc,2,0.5582949152542372,False,False
2022-02-04 09:00:00,flxout_d01_20220204_050000.nc,3,0.5571949152542373,False,False
2022-02-04 10:00:00,flxout_d01_20220204_050000.nc,4,0.6341932203389831,False,False
2022-02-04 11:00:00,flxout_d01_20220204_050000.nc,5,0.5594983050847457,False,False
2022-02-04 12:00:00,flxout_d01_20220204_050000.nc,6,0.9996305084745762,True,False
2022-02-04 13:00:00,flxout_d01_20220204_050000.nc,7,0.6596983050847458,False,False
2022-02-04 14:00:00,flxout_d01_20220204_050000.nc,8,0.8835084745762712,False,False
2022-02-04 15:00:00,flxout_d01_20220204_050000.nc,9,0.7141491525423729,False,False
2022-02-04 16:00:00,flxout_d01_20220204_050000.nc,10,0.8476508474576272,False,False
2022-02-04 17:00:00,flxout_d01_20220204_050000.nc,11,0.8548254237288135,False,False
2022-02-04 18:00:00,flxout_d01_20220204_050000.nc,12,0.7616525423728814,False,False
2022-02-04 19:00:00,flxout_d01_20220204_050000.nc,13,0.5816661016949153,False,False
2022-02-04 20:00:00,flxout_d01_20220204_050000.nc,14,0.3816711864406779,False,False
2022-02-04 21:00:00,flxout_d01_20220204_050000.nc,15,0.3503220338983051,False,False
2022-02-04 22:00:00,flxout_d01_20220204_050000.nc,16,0.3626118644067796,False,False
2022-02-04 23:00:00,flxout_d01_20220204_050000.nc,17,0.2722169491525424,False,False
2022-02-05 00:00:00,flxout_d01_20220204_050000.nc,18,0.2586237288135593,False,False
2022-02-05 01:00:00,flxout_d01_20220204_050000.nc,19,0.3097050847457627,False,False
2022-02-05 02:00:00,flxout_d01_20220204_050000.nc,20,0.3436966101694915,False,False
2022-02-05 03:00:00,flxout_d01_20220204_050000.nc,21,0.4376542372881356,False,False
2022-02-05 04:00:00,flxout_d01_20220204_050000.nc,22,0.3139898305084746,False,False
2022-02-05 05:00:00,flxout_d01_20220204_050000.nc,23,0.3058203389830508,False,False
2022-02-05 06:00:00,flxout_d01_20220205_050000.nc,0,0.4964830508474576,False,False
2022-02-05 07:00:00,flxout_d01_20220205_050000.nc,1,0.3420711864406779,False,False
2022-02-05 08:00:00,flxout_d01_20220205_050000.nc,2,0.3564135593220339,False,False
2022-02-05 09:00:00,flxout_d01_20220205_050000.nc,3,0.4729169491525424,False,False
2022-02-05 10:00:00,flxout_d01_20220205_050000.nc,4,0.3728864406779661,False,False
2022-02-05 11:00:00,flxout_d01_20220205_050000.nc,5,0.5817983050847457,False,False
2022-02-05 12:00:00,flxout_d01_20220205_050000.nc,6,0.5208474576271187,False,False
2022-02-05 13:00:00,flxout_d01_20220205_050000.nc,7,0.3990983050847458,False,False
2022-02-05 14:00:00,flxout_d01_20220205_050000.nc,8,0.4758881355932204,False,False
2022-02-05 15:00:00,flxout_d01_20220205_050000.nc,9,0.4560033898305085,False,False
2022-02-05 16:00:00,flxout_d01_20220205_050000.nc,10,0.3341983050847458,False,False
2022-02-05 17:00:00,flxout_d01_20220205_050000.nc,11,0.1560881355932203,False,True
2022-02-05 18:00:00,flxout_d01_20220205_050000.nc,12,0.0891152542372881,False,True
2022-02-05 19:00:00,flxout_d01_20220205_050000.nc,13,0.0737084745762711,False,True
2022-02-05 20:00:00,flxout_d01_20220205_050000.nc,14,0.0821169491525423,False,True
2022-02-05 21:00:00,flxout_d01_20220205_050000.nc,15,0.0756491525423728,False,True
2022-02-05 22:00:00,flxout_d01_20220205_050000.nc,16,0.0974118644067796,False,True
2022-02-05 23:00:00,flxout_d01_20220205_050000.nc,17,0.1085,False,True
2022-02-06 00:00:00,flxout_d01_20220205_050000.nc,18,0.1163966101694915,False,True
2022-02-06 01:00:00,flxout_d01_20220205_050000.nc,19,0.1210728813559322,False,True
2022-02-06 02:00:00,flxout_d01_20220205_050000.nc,20,0.1311,False,True
2022-02-06 03:00:00,flxout_d01_20220205_050000.nc,21,0.1541,False,True
2022-02-06 04:00:00,flxout_d01_20220205_050000.nc,22,0.1569627118644068,False,True
2022-02-06 05:00:00,flxout_d01_20220205_050000.nc,23,0.1421728813559322,False,True
2022-02-06 06:00:00,flxout_d01_20220206_050000.nc,0,0.1372389830508474,False,True
2022-02-06 07:00:00,flxout_d01_20220206_050000.nc,1,0.1314440677966102,False,True
2022-02-06 08:00:00,flxout_d01_20220206_050000.nc,2,0.1420440677966102,False,True
2022-02-06 09:00:00,flxout_d01_20220206_050000.nc,3,0.1581101694915254,False,True
2022-02-06 10:00:00,flxout_d01_20220206_050000.nc,4,0.1796677966101695,False,False
2022-02-06 11:00:00,flxout_d01_20220206_050000.nc,5,0.2114491525423729,False,False
2022-02-06 12:00:00,flxout_d01_20220206_050000.nc,6,0.2294542372881356,False,False
2022-02-06 13:00:00,flxout_d01_20220206_050000.nc,7,0.2456406779661017,False,False
2022-02-06 14:00:00,flxout_d01_20220206_050000.nc,8,0.2470474576271187,False,False
2022-02-06 15:00:00,flxout_d01_20220206_050000.nc,9,0.2034677966101695,False,False
2022-02-06 16:00:00,flxout_d01_20220206_050000.nc,10,0.3335101694915254,False,False
2022-02-06 17:00:00,flxout_d01_20220206_050000.nc,11,0.2517482758620689,False,False
2022-02-06 18:00:00,flxout_d01_20220206_050000.nc,12,0.2393169491525424,False,False
2022-02-06 19:00:00,flxout_d01_20220206_050000.nc,13,0.2704033898305085,False,False
2022-02-06 20:00:00,flxout_d01_20220206_050000.nc,14,0.3294559322033898,False,False
2022-02-06 21:00:00,flxout_d01_20220206_050000.nc,15,0.3206338983050848,False,False
2022-02-06 22:00:00,flxout_d01_20220206_050000.nc,16,0.3442508474576271,False,False
2022-02-06 23:00:00,flxout_d01_20220206_050000.nc,17,0.3089457627118644,False,False
2022-02-07 00:00:00,flxout_d01_20220206_050000.nc,18,0.2708694915254237,False,False
2022-02-07 01:00:00,flxout_d01_20220206_050000.nc,19,0.2143949152542373,False,False
2022-02-07 02:00:00,flxout_d01_20220206_050000.nc,20,0.2295152542372881,False,False
2022-02-07 03:00:00,flxout_d01_20220206_050000.nc,21,0.2122728813559322,False,False
2022-02-07 04:00:00,flxout_d01_20220206_050000.nc,22,0.2010016949152542,False,False
2022-02-07 05:00:00,flxout_d01_20220206_050000.nc,23,0.2146932203389831,False,False
2022-02-07 06:00:00,flxout_d01_20220207_050000.nc,0,0.4313694915254238,False,False
2022-02-07 07:00:00,flxout_d01_20220207_050000.nc,1,0.240735593220339,False,False
2022-02-07 08:00:00,flxout_d01_20220207_050000.nc,2,0.2351084745762712,False,False
2022-02-07 09:00:00,flxout_d01_20220207_050000.nc,3,0.1707135593220339,False,False
2022-02-07 10:00:00,flxout_d01_20220207_050000.nc,4,0.1760508474576271,False,False
2022-02-07 11:00:00,flxout_d01_20220207_050000.nc,5,0.1813762711864407,False,False
2022-02-07 12:00:00,flxout_d01_20220207_050000.nc,6,0.2515152542372881,False,False
2022-02-07 13:00:00,flxout_d01_20220207_050000.nc,7,0.1761372881355932,False,False
2022-02-07 14:00:00,flxout_d01_20220207_050000.nc,8,0.1724186440677966,False,False
2022-02-07 15:00:00,flxout_d01_20220207_050000.nc,9,0.246706779661017,False,False
2022-02-07 16:00:00,flxout_d01_20220207_050000.nc,10,0.4707101694915254,False,False
2022-02-07 17:00:00,flxout_d01_20220207_050000.nc,11,0.4637677966101695,False,False
2022-02-07 18:00:00,flxout_d01_20220207_050000.nc,12,0.3184457627118644,False,False
2022-02-07 19:00:00,flxout_d01_20220207_050000.nc,13,0.3877728813559322,False,False
2022-02-07 20:00:00,flxout_d01_20220207_050000.nc,14,0.2682898305084746,False,False
2022-02-07 21:00:00,flxout_d01_20220207_050000.nc,15,0.1887559322033898,False,False
2022-02-07 22:00:00,flxout_d01_20220207_050000.nc,16,0.1977559322033898,False,False
2022-02-07 23:00:00,flxout_d01_20220207_050000.nc,17,0.1789431034482759,False,False
2022-02-08 00:00:00,flxout_d01_20220207_050000.nc,18,0.1941827586206897,False,False
2022-02-08 01:00:00,flxout_d01_20220207_050000.nc,19,0.1744694915254237,False,False
2022-02-08 02:00:00,flxout_d01_20220207_050000.nc,20,0.1585084745762712,False,False
2022-02-08 03:00:00,flxout_d01_20220207_050000.nc,21,0.1998118644067797,False,False
2022-02-08 04:00:00,flxout_d01_20220207_050000.nc,22,0.2394508474576271,False,False
2022-02-08 05:00:00,flxout_d01_20220207_050000.nc,23,0.1869474576271186,False,False
2022-02-08 06:00:00,flxout_d01_20220208_050000.nc,0,0.1951050847457627,False,False
2022-02-08 07:00:00,flxout_d01_20220208_050000.nc,1,0.2887559322033899,False,False
2022-02-08 08:00:00,flxout_d01_20220208_050000.nc,2,0.6317372881355933,False,False
2022-02-08 09:00:00,flxout_d01_20220208_050000.nc,3,0.8764627118644068,False,False
2022-02-08 10:00:00,flxout_d01_20220208_050000.nc,4,0.5376915254237288,False,False
2022-02-08 11:00:00,flxout_d01_20220208_050000.nc,5,0.3173661016949152,False,False
2022-02-08 12:00:00,flxout_d01_20220208_050000.nc,6,0.7506203389830508,False,False
2022-02-08 13:00:00,flxout_d01_20220208_050000.nc,7,0.604664406779661,False,False
2022-02-08 14:00:00,flxout_d01_20220208_050000.nc,8,0.3800203389830508,False,False
2022-02-08 15:00:00,flxout_d01_20220208_050000.nc,9,0.2972983050847458,False,False
2022-02-08 16:00:00,flxout_d01_20220208_050000.nc,10,0.3320508474576271,False,False
2022-02-08 17:00:00,flxout_d01_20220208_050000.nc,11,0.233835593220339,False,False
2022-02-08 18:00:00,flxout_d01_20220208_050000.nc,12,0.1740551724137931,False,False
2022-02-08 19:00:00,flxout_d01_20220208_050000.nc,13,0.1447637931034483,False,True
2022-02-08 20:00:00,flxout_d01_20220208_050000.nc,14,0.1645372881355932,False,False
2022-02-08 21:00:00,flxout_d01_20220208_050000.nc,15,0.1177864406779661,False,True
2022-02-08 22:00:00,flxout_d01_20220208_050000.nc,16,0.1457983050847458,False,True
2022-02-08 23:00:00,flxout_d01_20220208_050000.nc,17,0.150928813559322,False,True
2022-02-09 00:00:00,flxout_d01_20220208_050000.nc,18,0.1395254237288135,False,True
2022-02-09 01:00:00,flxout_d01_20220208_050000.nc,19,0.1254847457627119,False,True
2022-02-09 02:00:00,flxout_d01_20220208_050000.nc,20,0.1194186440677966,False,True
2022-02-09 03:00:00,flxout_d01_20220208_050000.nc,21,0.1126932203389831,False,True
2022-02-09 04:00:00,flxout_d01_20220208_050000.nc,22,0.0914152542372881,False,True
2022-02-09 05:00:00,flxout_d01_20220208_050000.nc,23,0.1317610169491525,False,True
2022-02-09 06:00:00,flxout_d01_20220209_050000.nc,0,0.1658033898305085,False,False
2022-02-09 07:00:00,flxout_d01_20220209_050000.nc,1,0.1753627118644068,False,False
2022-02-09 08:00:00,flxout_d01_20220209_050000.nc,2,0.1384508474576271,False,True
2022-02-09 09:00:00,flxout_d01_20220209_050000.nc,3,0.122664406779661,False,True
2022-02-09 10:00:00,flxout_d01_20220209_050000.nc,4,0.0940949152542372,False,True
2022-02-09 11:00:00,flxout_d01_20220209_050000.nc,5,0.1127813559322034,False,True
2022-02-09 12:00:00,flxout_d01_20220209_050000.nc,6,0.1578706896551724,False,True
2022-02-09 13:00:00,flxout_d01_20220209_050000.nc,7,,False,False
2022-02-09 14:00:00,flxout_d01_20220209_050000.nc,8,,False,False
2022-02-09 15:00:00,flxout_d01_20220209_050000.nc,9,,False,False
2022-02-09 16:00:00,flxout_d01_20220209_050000.nc,10,0.1654266666666667,False,False
2022-02-09 17:00:00,flxout_d01_20220209_050000.nc,11,0.1452203389830508,False,True
2022-02-09 18:00:00,flxout_d01_20220209_050000.nc,12,0.1070915254237288,False,True
2022-02-09 19:00:00,flxout_d01_20220209_050000.nc,13,0.2331728813559322,False,False
2022-02-09 20:00:00,flxout_d01_20220209_050000.nc,14,0.1143118644067797,False,True
2022-02-09 21:00:00,flxout_d01_20220209_050000.nc,15,0.0850915254237288,False,True
2022-02-09 22:00:00,flxout_d01_20220209_050000.nc,16,0.0771067796610169,False,True
2022-02-09 23:00:00,flxout_d01_20220209_050000.nc,17,0.0685677966101694,False,True
2022-02-10 00:00:00,flxout_d01_20220209_050000.nc,18,0.0469508474576271,False,True
2022-02-10 01:00:00,flxout_d01_20220209_050000.nc,19,0.0949762711864406,False,True
2022-02-10 02:00:00,flxout_d01_20220209_050000.nc,20,0.1279830508474576,False,True
2022-02-10 03:00:00,flxout_d01_20220209_050000.nc,21,0.169028813559322,False,False
2022-02-10 04:00:00,flxout_d01_20220209_050000.nc,22,0.367342372881356,False,False
2022-02-10 05:00:00,flxout_d01_20220209_050000.nc,23,0.1608610169491526,False,False
2022-02-10 06:00:00,flxout_d01_20220210_050000.nc,0,0.2747169491525424,False,False
2022-02-10 07:00:00,flxout_d01_20220210_050000.nc,1,0.2394983050847458,False,False
2022-02-10 08:00:00,flxout_d01_20220210_050000.nc,2,0.1775474576271187,False,False
2022-02-10 09:00:00,flxout_d01_20220210_050000.nc,3,0.1412152542372881,False,True
2022-02-10 10:00:00,flxout_d01_20220210_050000.nc,4,0.0722322033898305,False,True
2022-02-10 11:00:00,flxout_d01_20220210_050000.nc,5,0.021828813559322,False,True
2022-02-10 12:00:00,flxout_d01_20220210_050000.nc,6,0.1127830508474576,False,True
2022-02-10 13:00:00,flxout_d01_20220210_050000.nc,7,0.1619,False,False
2022-02-10 14:00:00,flxout_d01_20220210_050000.nc,8,0.0878016949152542,False,True
2022-02-10 15:00:00,flxout_d01_20220210_050000.nc,9,0.1974879310344828,False,False
2022-02-10 16:00:00,flxout_d01_20220210_050000.nc,10,0.3353220338983051,False,False
2022-02-10 17:00:00,flxout_d01_20220210_050000.nc,11,0.7399491525423728,False,False
2022-02-10 18:00:00,flxout_d01_20220210_050000.nc,12,0.2979423728813559,False,False
2022-02-10 19:00:00,flxout_d01_20220210_050000.nc,13,0.2585745762711865,False,False
2022-02-10 20:00:00,flxout_d01_20220210_050000.nc,14,0.2457372881355932,False,False
2022-02-10 21:00:00,flxout_d01_20220210_050000.nc,15,0.2038389830508475,False,False
2022-02-10 22:00:00,flxout_d01_20220210_050000.nc,16,0.1973559322033898,False,False
2022-02-10 23:00:00,flxout_d01_20220210_050000.nc,17,0.1268118644067797,False,True
2022-02-11 00:00:00,flxout_d01_20220210_050000.nc,18,0.1584423728813559,False,False
2022-02-11 01:00:00,flxout_d01_20220210_050000.nc,19,0.0792508474576271,False,True
2022-02-11 02:00:00,flxout_d01_20220210_050000.nc,20,0.071193220338983,False,True
2022-02-11 03:00:00,flxout_d01_20220210_050000.nc,21,0.0909355932203389,False,True
2022-02-11 04:00:00,flxout_d01_20220210_050000.nc,22,0.1411813559322034,False,True
2022-02-11 05:00:00,flxout_d01_20220210_050000.nc,23,0.2133881355932203,False,False
2022-02-11 06:00:00,flxout_d01_20220211_050000.nc,0,0.3198661016949153,False,False
2022-02-11 07:00:00,flxout_d01_20220211_050000.nc,1,0.4547203389830509,False,False
2022-02-11 08:00:00,flxout_d01_20220211_050000.nc,2,0.2921084745762712,False,False
2022-02-11 09:00:00,flxout_d01_20220211_050000.nc,3,0.081293220338983,False,True
2022-02-11 10:00:00,flxout_d01_20220211_050000.nc,4,0.0809559322033898,False,True
2022-02-11 11:00:00,flxout_d01_20220211_050000.nc,5,0.1108762711864407,False,True
2022-02-11 12:00:00,flxout_d01_20220211_050000.nc,6,0.0926338983050847,False,True
2022-02-11 13:00:00,flxout_d01_20220211_050000.nc,7,0.0915966101694915,False,True
2022-02-11 14:00:00,flxout_d01_20220211_050000.nc,8,0.1817457627118644,False,False
2022-02-11 15:00:00,flxout_d01_20220211_050000.nc,9,0.2318813559322034,False,False
2022-02-11 16:00:00,flxout_d01_20220211_050000.nc,10,0.728928813559322,False,False
2022-02-11 17:00:00,flxout_d01_20220211_050000.nc,11,0.660806779661017,False,False
2022-02-11 18:00:00,flxout_d01_20220211_050000.nc,12,0.3712949152542373,False,False
2022-02-11 19:00:00,flxout_d01_20220211_050000.nc,13,0.2050898305084746,False,False
2022-02-11 20:00:00,flxout_d01_20220211_050000.nc,14,0.2276189655172414,False,False
2022-02-11 21:00:00,flxout_d01_20220211_050000.nc,15,0.3157568965517241,False,False
2022-02-11 22:00:00,flxout_d01_20220211_050000.nc,16,0.3234881355932203,False,False
2022-02-11 23:00:00,flxout_d01_20220211_050000.nc,17,0.266935593220339,False,False
2022-02-12 00:00:00,flxout_d01_20220211_050000.nc,18,0.2454627118644068,False,False
2022-02-12 01:00:00,flxout_d01_20220211_050000.nc,19,0.2593322033898305,False,False
2022-02-12 02:00:00,flxout_d01_20220211_050000.nc,20,0.3603610169491525,False,False
2022-02-12 03:00:00,flxout_d01_20220211_050000.nc,21,0.2322372881355932,False,False
2022-02-12 04:00:00,flxout_d01_20220211_050000.nc,22,0.2468627118644068,False,False
2022-02-12 05:00:00,flxout_d01_20220211_050000.nc,23,0.1261864406779661,False,True
2022-02-12 06:00:00,flxout_d01_20220212_050000.nc,0,0.088364406779661,False,True
2022-02-12 07:00:00,flxout_d01_20220212_050000.nc,1,0.1171830508474576,False,True
2022-02-12 08:00:00,flxout_d01_20220212_050000.nc,2,0.115864406779661,False,True
2022-02-12 09:00:00,flxout_d01_20220212_050000.nc,3,0.0818983050847457,False,True
2022-02-12 10:00:00,flxout_d01_20220212_050000.nc,4,0.0692661016949152,False,True
2022-02-12 11:00:00,flxout_d01_20220212_050000.nc,5,0.1687084745762712,False,False
2022-02-12 12:00:00,flxout_d01_20220212_050000.nc,6,0.1528474576271187,False,True
2022-02-12 13:00:00,flxout_d01_20220212_050000.nc,7,0.1335406779661017,False,True
2022-02-12 14:00:00,flxout_d01_20220212_050000.nc,8,0.1264694915254237,False,True
2022-02-12 15:00:00,flxout_d01_20220212_050000.nc,9,0.1213830508474576,False,True
2022-02-12 16:00:00,flxout_d01_20220212_050000.nc,10,0.1302864406779661,False,True
2022-02-12 17:00:00,flxout_d01_20220212_050000.nc,11,0.1635593220338983,False,False
2022-02-12 18:00:00,flxout_d01_20220212_050000.nc,12,0.2322016949152542,False,False
2022-02-12 19:00:00,flxout_d01_20220212_050000.nc,13,0.3430762711864406,False,False
2022-02-12 20:00:00,flxout_d01_20220212_050000.nc,14,0.3447779661016949,False,False
2022-02-12 21:00:00,flxout_d01_20220212_050000.nc,15,0.3354491525423728,False,False
2022-02-12 22:00:00,flxout_d01_20220212_050000.nc,16,0.3331745762711864,False,False
2022-02-12 23:00:00,flxout_d01_20220212_050000.nc,17,0.295664406779661,False,False
2022-02-13 00:00:00,flxout_d01_20220212_050000.nc,18,0.2767474576271186,False,False
2022-02-13 01:00:00,flxout_d01_20220212_050000.nc,19,0.2475677966101695,False,False
2022-02-13 02:00:00,flxout_d01_20220212_050000.nc,20,0.181993220338983,False,False
2022-02-13 03:00:00,flxout_d01_20220212_050000.nc,21,0.1737728813559322,False,False
2022-02-13 04:00:00,flxout_d01_20220212_050000.nc,22,0.1423305084745763,False,True
2022-02-13 05:00:00,flxout_d01_20220212_050000.nc,23,0.1311864406779661,False,True
2022-02-13 06:00:00,flxout_d01_20220213_050000.nc,0,0.1358898305084746,False,True
2022-02-13 07:00:00,flxout_d01_20220213_050000.nc,1,0.1295864406779661,False,True
2022-02-13 08:00:00,flxout_d01_20220213_050000.nc,2,0.2035406779661017,False,False
2022-02-13 09:00:00,flxout_d01_20220213_050000.nc,3,0.1889389830508474,False,False
2022-02-13 10:00:00,flxout_d01_20220213_050000.nc,4,0.2488864406779661,False,False
2022-02-13 11:00:00,flxout_d01_20220213_050000.nc,5,0.2860016949152542,False,False
2022-02-13 12:00:00,flxout_d01_20220213_050000.nc,6,0.2968474576271186,False,False
2022-02-13 13:00:00,flxout_d01_20220213_050000.nc,7,0.2344254237288136,False,False
2022-02-13 14:00:00,flxout_d01_20220213_050000.nc,8,0.1450847457627119,False,True
2022-02-13 15:00:00,flxout_d01_20220213_050000.nc,9,0.1896372881355932,False,False
2022-02-13 16:00:00,flxout_d01_20220213_050000.nc,10,0.170806779661017,False,False
2022-02-13 17:00:00,flxout_d01_20220213_050000.nc,11,0.1660237288135593,False,False
2022-02-13 18:00:00,flxout_d01_20220213_050000.nc,12,0.1535796610169491,False,True
2022-02-13 19:00:00,flxout_d01_20220213_050000.nc,13,0.151106779661017,False,True
2022-02-13 20:00:00,flxout_d01_20220213_050000.nc,14,0.1617016949152542,False,False
2022-02-13 21:00:00,flxout_d01_20220213_050000.nc,15,0.1951338983050847,False,False
2022-02-13 22:00:00,flxout_d01_20220213_050000.nc,16,0.2305864406779661,False,False
2022-02-13 23:00:00,flxout_d01_20220213_050000.nc,17,0.4148457627118644,False,False
2022-02-14 00:00:00,flxout_d01_20220213_050000.nc,18,0.2428067796610169,False,False
2022-02-14 01:00:00,flxout_d01_20220213_050000.nc,19,0.544693220338983,False,False
2022-02-14 02:00:00,flxout_d01_20220213_050000.nc,20,0.5102067796610169,False,False
2022-02-14 03:00:00,flxout_d01_20220213_050000.nc,21,0.3314864406779661,False,False
2022-02-14 04:00:00,flxout_d01_20220213_050000.nc,22,0.1845881355932203,False,False
2022-02-14 05:00:00,flxout_d01_20220213_050000.nc,23,0.180442372881356,False,False
2022-02-14 06:00:00,flxout_d01_20220214_050000.nc,0,0.234971186440678,False,False
2022-02-14 07:00:00,flxout_d01_20220214_050000.nc,1,0.5570627118644068,False,False
2022-02-14 08:00:00,flxout_d01_20220214_050000.nc,2,0.6266322033898305,False,False
2022-02-14 09:00:00,flxout_d01_20220214_050000.nc,3,0.5459389830508474,False,False
2022-02-14 10:00:00,flxout_d01_20220214_050000.nc,4,0.6745101694915254,False,False
2022-02-14 11:00:00,flxout_d01_20220214_050000.nc,5,0.5506983050847457,False,False
2022-02-14 12:00:00,flxout_d01_20220214_050000.nc,6,0.5458338983050848,False,False
2022-02-14 13:00:00,flxout_d01_20220214_050000.nc,7,0.575422033898305,False,False
2022-02-14 14:00:00,flxout_d01_20220214_050000.nc,8,0.5076033898305085,False,False
2022-02-14 15:00:00,flxout_d01_20220214_050000.nc,9,0.3934830508474576,False,False
2022-02-14 16:00:00,flxout_d01_20220214_050000.nc,10,0.6588220338983051,False,False
2022-02-14 17:00:00,flxout_d01_20220214_050000.nc,11,1.473496610169492,True,False
2022-02-14 18:00:00,flxout_d01_20220214_050000.nc,12,0.976464406779661,True,False
2022-02-14 19:00:00,flxout_d01_20220214_050000.nc,13,0.9876440677966102,True,False
2022-02-14 20:00:00,flxout_d01_20220214_050000.nc,14,1.268152542372881,True,False
2022-02-14 21:00:00,flxout_d01_20220214_050000.nc,15,0.590571186440678,False,False
2022-02-14 22:00:00,flxout_d01_20220214_050000.nc,16,0.4992694915254238,False,False
2022-02-14 23:00:00,flxout_d01_20220214_050000.nc,17,0.2530847457627119,False,False
2022-02-15 00:00:00,flxout_d01_20220214_050000.nc,18,0.2532271186440678,False,False
2022-02-15 01:00:00,flxout_d01_20220214_050000.nc,19,0.2208796610169492,False,False
2022-02-15 02:00:00,flxout_d01_20220214_050000.nc,20,0.1627966101694915,False,False
2022-02-15 03:00:00,flxout_d01_20220214_050000.nc,21,0.1855135593220339,False,False
2022-02-15 04:00:00,flxout_d01_20220214_050000.nc,22,0.1822745762711865,False,False
2022-02-15 05:00:00,flxout_d01_20220214_050000.nc,23,0.2345016949152542,False,False
2022-02-15 06:00:00,flxout_d01_20220215_050000.nc,0,0.2240288135593221,False,False
2022-02-15 07:00:00,flxout_d01_20220215_050000.nc,1,0.2819796610169492,False,False
2022-02-15 08:00:00,flxout_d01_20220215_050000.nc,2,0.43,False,False
2022-02-15 09:00:00,flxout_d01_20220215_050000.nc,3,0.2907881355932204,False,False
2022-02-15 10:00:00,flxout_d01_20220215_050000.nc,4,0.2191271186440678,False,False
2022-02-15 11:00:00,flxout_d01_20220215_050000.nc,5,0.1791474576271186,False,False
2022-02-15 12:00:00,flxout_d01_20220215_050000.nc,6,0.2073627118644068,False,False
2022-02-15 13:00:00,flxout_d01_20220215_050000.nc,7,0.1802898305084746,False,False
2022-02-15 14:00:00,flxout_d01_20220215_050000.nc,8,0.1829796610169492,False,False
2022-02-15 15:00:00,flxout_d01_20220215_050000.nc,9,0.1965118644067797,False,False
2022-02-15 16:00:00,flxout_d01_20220215_050000.nc,10,0.192435593220339,False,False
2022-02-15 17:00:00,flxout_d01_20220215_050000.nc,11,0.3272101694915254,False,False
2022-02-15 18:00:00,flxout_d01_20220215_050000.nc,12,0.4560237288135593,False,False
2022-02-15 19:00:00,flxout_d01_20220215_050000.nc,13,0.7337423728813559,False,False
2022-02-15 20:00:00,flxout_d01_20220215_050000.nc,14,0.8292389830508474,False,False
2022-02-15 21:00:00,flxout_d01_20220215_050000.nc,15,0.410371186440678,False,False
2022-02-15 22:00:00,flxout_d01_20220215_050000.nc,16,0.396071186440678,False,False
2022-02-15 23:00:00,flxout_d01_20220215_050000.nc,17,0.3130593220338983,False,False
2022-02-16 00:00:00,flxout_d01_20220215_050000.nc,18,0.3233542372881356,False,False
2022-02-16 01:00:00,flxout_d01_20220215_050000.nc,19,0.3335576271186441,False,False
2022-02-16 02:00:00,flxout_d01_20220215_050000.nc,20,0.3210796610169491,False,False
2022-02-16 03:00:00,flxout_d01_20220215_050000.nc,21,0.2509322033898305,False,False
2022-02-16 04:00:00,flxout_d01_20220215_050000.nc,22,0.2514864406779661,False,False
2022-02-16 05:00:00,flxout_d01_20220215_050000.nc,23,0.3083966101694915,False,False
2022-02-16 06:00:00,flxout_d01_20220216_050000.nc,0,0.3330915254237288,False,False
2022-02-16 07:00:00,flxout_d01_20220216_050000.nc,1,0.3773152542372882,False,False
2022-02-16 08:00:00,flxout_d01_20220216_050000.nc,2,0.559828813559322,False,False
2022-02-16 09:00:00,flxout_d01_20220216_050000.nc,3,0.6204525423728813,False,False
2022-02-16 10:00:00,flxout_d01_20220216_050000.nc,4,0.4093220338983051,False,False
2022-02-16 11:00:00,flxout_d01_20220216_050000.nc,5,0.3973966101694915,False,False
2022-02-16 12:00:00,flxout_d01_20220216_050000.nc,6,0.2473813559322034,False,False
2022-02-16 13:00:00,flxout_d01_20220216_050000.nc,7,0.2228413793103448,False,False
2022-02-16 14:00:00,flxout_d01_20220216_050000.nc,8,0.2312810344827586,False,False
2022-02-16 15:00:00,flxout_d01_20220216_050000.nc,9,0.1947372881355932,False,False
2022-02-16 16:00:00,flxout_d01_20220216_050000.nc,10,0.1873559322033898,False,False
2022-02-16 17:00:00,flxout_d01_20220216_050000.nc,11,0.2109440677966102,False,False
2022-02-16 18:00:00,flxout_d01_20220216_050000.nc,12,0.2277627118644068,False,False
2022-02-16 19:00:00,flxout_d01_20220216_050000.nc,13,0.2115525423728813,False,False
2022-02-16 20:00:00,flxout_d01_20220216_050000.nc,14,0.1463423728813559,False,True
2022-02-16 21:00:00,flxout_d01_20220216_050000.nc,15,0.1606067796610169,False,False
2022-02-16 22:00:00,flxout_d01_20220216_050000.nc,16,0.2115915254237288,False,False
2022-02-16 23:00:00,flxout_d01_20220216_050000.nc,17,0.3082508474576271,False,False
2022-02-17 00:00:00,flxout_d01_20220216_050000.nc,18,0.3645932203389831,False,False
2022-02-17 01:00:00,flxout_d01_20220216_050000.nc,19,0.2624593220338983,False,False
2022-02-17 02:00:00,flxout_d01_20220216_050000.nc,20,0.1676423728813559,False,False
2022-02-17 03:00:00,flxout_d01_20220216_050000.nc,21,0.1431,False,True
2022-02-17 04:00:00,flxout_d01_20220216_050000.nc,22,0.2001169491525424,False,False
2022-02-17 05:00:00,flxout_d01_20220216_050000.nc,23,0.5235237288135594,False,False
2022-02-17 06:00:00,flxout_d01_20220217_050000.nc,0,0.3879677966101695,False,False
2022-02-17 07:00:00,flxout_d01_20220217_050000.nc,1,0.6017305084745762,False,False
2022-02-17 08:00:00,flxout_d01_20220217_050000.nc,2,0.6075644067796611,False,False
2022-02-17 09:00:00,flxout_d01_20220217_050000.nc,3,0.5796847457627119,False,False
2022-02-17 10:00:00,flxout_d01_20220217_050000.nc,4,0.2483457627118644,False,False
2022-02-17 11:00:00,flxout_d01_20220217_050000.nc,5,0.4725983050847458,False,False
2022-02-17 12:00:00,flxout_d01_20220217_050000.nc,6,0.5268271186440677,False,False
2022-02-17 13:00:00,flxout_d01_20220217_050000.nc,7,0.3438559322033898,False,False
2022-02-17 14:00:00,flxout_d01_20220217_050000.nc,8,0.2721724137931034,False,False
2022-02-17 15:00:00,flxout_d01_20220217_050000.nc,9,,False,False
2022-02-17 16:00:00,flxout_d01_20220217_050000.nc,10,,False,False
2022-02-17 17:00:00,flxout_d01_20220217_050000.nc,11,,False,False
2022-02-17 18:00:00,flxout_d01_20220217_050000.nc,12,0.2713702702702703,False,False
2022-02-17 19:00:00,flxout_d01_20220217_050000.nc,13,0.2266898305084746,False,False
2022-02-17 20:00:00,flxout_d01_20220217_050000.nc,14,0.2056508474576271,False,False
2022-02-17 21:00:00,flxout_d01_20220217_050000.nc,15,0.2214254237288135,False,False
2022-02-17 22:00:00,flxout_d01_20220217_050000.nc,16,0.2245050847457627,False,False
2022-02-17 23:00:00,flxout_d01_20220217_050000.nc,17,0.4496525423728813,False,False
2022-02-18 00:00:00,flxout_d01_20220217_050000.nc,18,0.2501406779661017,False,False
2022-02-18 01:00:00,flxout_d01_20220217_050000.nc,19,0.294664406779661,False,False
2022-02-18 02:00:00,flxout_d01_20220217_050000.nc,20,0.2647610169491526,False,False
2022-02-18 03:00:00,flxout_d01_20220217_050000.nc,21,0.2634830508474577,False,False
2022-02-18 04:00:00,flxout_d01_20220217_050000.nc,22,0.2936745762711864,False,False
2022-02-18 05:00:00,flxout_d01_20220217_050000.nc,23,0.2852847457627119,False,False
2022-02-18 06:00:00,flxout_d01_20220218_050000.nc,0,0.3637966101694915,False,False
2022-02-18 07:00:00,flxout_d01_20220218_050000.nc,1,0.4131593220338983,False,False
2022-02-18 08:00:00,flxout_d01_20220218_050000.nc,2,0.524264406779661,False,False
2022-02-18 09:00:00,flxout_d01_20220218_050000.nc,3,0.2151559322033898,False,False
2022-02-18 10:00:00,flxout_d01_20220218_050000.nc,4,0.1650457627118644,False,False
2022-02-18 11:00:00,flxout_d01_20220218_050000.nc,5,0.1995118644067797,False,False
2022-02-18 12:00:00,flxout_d01_20220218_050000.nc,6,0.2066254237288135,False,False
2022-02-18 13:00:00,flxout_d01_20220218_050000.nc,7,0.1932406779661017,False,False
2022-02-18 14:00:00,flxout_d01_20220218_050000.nc,8,0.190593220338983,False,False
2022-02-18 15:00:00,flxout_d01_20220218_050000.nc,9,0.2565728813559322,False,False
2022-02-18 16:00:00,flxout_d01_20220218_050000.nc,10,0.2932898305084746,False,False
2022-02-18 17:00:00,flxout_d01_20220218_050000.nc,11,0.2858118644067796,False,False
2022-02-18 18:00:00,flxout_d01_20220218_050000.nc,12,0.2703203389830509,False,False
2022-02-18 19:00:00,flxout_d01_20220218_050000.nc,13,0.2667983050847458,False,False
2022-02-18 20:00:00,flxout_d01_20220218_050000.nc,14,0.2757983050847457,False,False
2022-02-18 21:00:00,flxout_d01_20220218_050000.nc,15,0.3555051724137931,False,False
2022-02-18 22:00:00,flxout_d01_20220218_050000.nc,16,0.4710689655172414,False,False
2022-02-18 23:00:00,flxout_d01_20220218_050000.nc,17,0.4935254237288135,False,False
2022-02-19 00:00:00,flxout_d01_20220218_050000.nc,18,0.4390677966101695,False,False
2022-02-19 01:00:00,flxout_d01_20220218_050000.nc,19,0.3756593220338983,False,False
2022-02-19 02:00:00,flxout_d01_20220218_050000.nc,20,0.3543949152542373,False,False
2022-02-19 03:00:00,flxout_d01_20220218_050000.nc,21,0.499793220338983,False,False
2022-02-19 04:00:00,flxout_d01_20220218_050000.nc,22,0.4097694915254237,False,False
2022-02-19 05:00:00,flxout_d01_20220218_050000.nc,23,0.4383491525423729,False,False
2022-02-19 06:00:00,flxout_d01_20220219_050000.nc,0,0.4647915254237288,False,False
2022-02-19 07:00:00,flxout_d01_20220219_050000.nc,1,0.3725033898305085,False,False
2022-02-19 08:00:00,flxout_d01_20220219_050000.nc,2,0.5925389830508475,False,False
2022-02-19 09:00:00,flxout_d01_20220219_050000.nc,3,0.682235593220339,False,False
2022-02-19 10:00:00,flxout_d01_20220219_050000.nc,4,0.3765898305084746,False,False
2022-02-19 11:00:00,flxout_d01_20220219_050000.nc,5,0.4762508474576271,False,False
2022-02-19 12:00:00,flxout_d01_20220219_050000.nc,6,0.4393491525423729,False,False
2022-02-19 13:00:00,flxout_d01_20220219_050000.nc,7,0.3961694915254237,False,False
2022-02-19 14:00:00,flxout_d01_20220219_050000.nc,8,0.2832406779661017,False,False
2022-02-19 15:00:00,flxout_d01_20220219_050000.nc,9,0.3138406779661017,False,False
2022-02-19 16:00:00,flxout_d01_20220219_050000.nc,10,0.3593728813559322,False,False
2022-02-19 17:00:00,flxout_d01_20220219_050000.nc,11,0.4725372881355932,False,False
2022-02-19 18:00:00,flxout_d01_20220219_050000.nc,12,0.6147440677966102,False,False
2022-02-19 19:00:00,flxout_d01_20220219_050000.nc,13,0.5048847457627118,False,False
2022-02-19 20:00:00,flxout_d01_20220219_050000.nc,14,0.6165610169491526,False,False
2022-02-19 21:00:00,flxout_d01_20220219_050000.nc,15,0.6166050847457627,False,False
2022-02-19 22:00:00,flxout_d01_20220219_050000.nc,16,0.6719033898305085,False,False
2022-02-19 23:00:00,flxout_d01_20220219_050000.nc,17,0.5473440677966102,False,False
2022-02-20 00:00:00,flxout_d01_20220219_050000.nc,18,0.4929118644067797,False,False
2022-02-20 01:00:00,flxout_d01_20220219_050000.nc,19,0.4331830508474576,False,False
2022-02-20 02:00:00,flxout_d01_20220219_050000.nc,20,0.3688627118644068,False,False
2022-02-20 03:00:00,flxout_d01_20220219_050000.nc,21,0.3734203389830509,False,False
2022-02-20 04:00:00,flxout_d01_20220219_050000.nc,22,0.2949050847457627,False,False
2022-02-20 05:00:00,flxout_d01_20220219_050000.nc,23,0.3410084745762711,False,False
2022-02-20 06:00:00,flxout_d01_20220220_050000.nc,0,0.3318016949152542,False,False
2022-02-20 07:00:00,flxout_d01_20220220_050000.nc,1,0.3177152542372881,False,False
2022-02-20 08:00:00,flxout_d01_20220220_050000.nc,2,0.4083237288135593,False,False
2022-02-20 09:00:00,flxout_d01_20220220_050000.nc,3,0.4110322033898305,False,False
2022-02-20 10:00:00,flxout_d01_20220220_050000.nc,4,0.4292033898305085,False,False
2022-02-20 11:00:00,flxout_d01_20220220_050000.nc,5,0.4189338983050847,False,False
2022-02-20 12:00:00,flxout_d01_20220220_050000.nc,6,0.4469322033898305,False,False
2022-02-20 13:00:00,flxout_d01_20220220_050000.nc,7,0.3008016949152542,False,False
2022-02-20 14:00:00,flxout_d01_20220220_050000.nc,8,0.2957898305084746,False,False
2022-02-20 15:00:00,flxout_d01_20220220_050000.nc,9,0.353935593220339,False,False
2022-02-20 16:00:00,flxout_d01_20220220_050000.nc,10,0.6896593220338983,False,False
2022-02-20 17:00:00,flxout_d01_20220220_050000.nc,11,0.9398830508474576,True,False
2022-02-20 18:00:00,flxout_d01_20220220_050000.nc,12,0.9895254237288136,True,False
2022-02-20 19:00:00,flxout_d01_20220220_050000.nc,13,0.7934508474576272,False,False
2022-02-20 20:00:00,flxout_d01_20220220_050000.nc,14,0.9505305084745762,True,False
2022-02-20 21:00:00,flxout_d01_20220220_050000.nc,15,0.5501271186440678,False,False
2022-02-20 22:00:00,flxout_d01_20220220_050000.nc,16,0.5011305084745763,False,False
2022-02-20 23:00:00,flxout_d01_20220220_050000.nc,17,0.4189983050847458,False,False
2022-02-21 00:00:00,flxout_d01_20220220_050000.nc,18,0.4721338983050848,False,False
2022-02-21 01:00:00,flxout_d01_20220220_050000.nc,19,0.3753508474576271,False,False
2022-02-21 02:00:00,flxout_d01_20220220_050000.nc,20,0.3187610169491525,False,False
2022-02-21 03:00:00,flxout_d01_20220220_050000.nc,21,0.3046644067796611,False,False
2022-02-21 04:00:00,flxout_d01_20220220_050000.nc,22,0.3570406779661017,False,False
2022-02-21 05:00:00,flxout_d01_20220220_050000.nc,23,0.3110406779661017,False,False
2022-02-21 06:00:00,flxout_d01_20220221_050000.nc,0,0.2681016949152542,False,False
2022-02-21 07:00:00,flxout_d01_20220221_050000.nc,1,0.3740254237288135,False,False
2022-02-21 08:00:00,flxout_d01_20220221_050000.nc,2,0.7921830508474575,False,False
2022-02-21 09:00:00,flxout_d01_20220221_050000.nc,3,0.4760423728813559,False,False
2022-02-21 10:00:00,flxout_d01_20220221_050000.nc,4,0.4491084745762712,False,False
2022-02-21 11:00:00,flxout_d01_20220221_050000.nc,5,0.4133779661016949,False,False
2022-02-21 12:00:00,flxout_d01_20220221_050000.nc,6,0.2712101694915254,False,False
2022-02-21 13:00:00,flxout_d01_20220221_050000.nc,7,0.2276,False,False
2022-02-21 14:00:00,flxout_d01_20220221_050000.nc,8,0.3159525423728814,False,False
2022-02-21 15:00:00,flxout_d01_20220221_050000.nc,9,0.2538169491525424,False,False
2022-02-21 16:00:00,flxout_d01_20220221_050000.nc,10,0.2510542372881356,False,False
2022-02-21 17:00:00,flxout_d01_20220221_050000.nc,11,0.3492542372881356,False,False
2022-02-21 18:00:00,flxout_d01_20220221_050000.nc,12,0.2953033898305085,False,False
2022-02-21 19:00:00,flxout_d01_20220221_050000.nc,13,0.2627118644067797,False,False
2022-02-21 20:00:00,flxout_d01_20220221_050000.nc,14,0.2801406779661017,False,False
2022-02-21 21:00:00,flxout_d01_20220221_050000.nc,15,0.3087728813559322,False,False
2022-02-21 22:00:00,flxout_d01_20220221_050000.nc,16,0.3222881355932203,False,False
2022-02-21 23:00:00,flxout_d01_20220221_050000.nc,17,0.3318152542372881,False,False
2022-02-22 00:00:00,flxout_d01_20220221_050000.nc,18,0.3061948275862069,False,False
2022-02-22 01:00:00,flxout_d01_20220221_050000.nc,19,0.3275431034482759,False,False
2022-02-22 02:00:00,flxout_d01_20220221_050000.nc,20,0.3124694915254237,False,False
2022-02-22 03:00:00,flxout_d01_20220221_050000.nc,21,0.3400796610169491,False,False
2022-02-22 04:00:00,flxout_d01_20220221_050000.nc,22,0.3767406779661017,False,False
2022-02-22 05:00:00,flxout_d01_20220221_050000.nc,23,0.3460728813559322,False,False
2022-02-22 06:00:00,flxout_d01_20220222_050000.nc,0,0.4125305084745763,False,False
2022-02-22 07:00:00,flxout_d01_20220222_050000.nc,1,0.2812847457627119,False,False
2022-02-22 08:00:00,flxout_d01_20220222_050000.nc,2,0.3172101694915254,False,False
2022-02-22 09:00:00,flxout_d01_20220222_050000.nc,3,0.2628745762711864,False,False
2022-02-22 10:00:00,flxout_d01_20220222_050000.nc,4,0.2070576271186441,False,False
2022-02-22 11:00:00,flxout_d01_20220222_050000.nc,5,0.2566857142857143,False,False
2022-02-22 12:00:00,flxout_d01_20220222_050000.nc,6,,False,False
2022-02-22 13:00:00,flxout_d01_20220222_050000.nc,7,,False,False
2022-02-22 14:00:00,flxout_d01_20220222_050000.nc,8,,False,False
2022-02-22 15:00:00,flxout_d01_20220222_050000.nc,9,0.2207708333333333,False,False
2022-02-22 16:00:00,flxout_d01_20220222_050000.nc,10,0.1327542372881356,False,True
2022-02-22 17:00:00,flxout_d01_20220222_050000.nc,11,0.3444677966101695,False,False
2022-02-22 18:00:00,flxout_d01_20220222_050000.nc,12,0.527186440677966,False,False
2022-02-22 19:00:00,flxout_d01_20220222_050000.nc,13,0.3664271186440678,False,False
2022-02-22 20:00:00,flxout_d01_20220222_050000.nc,14,0.3076745762711864,False,False
2022-02-22 21:00:00,flxout_d01_20220222_050000.nc,15,0.2517186440677966,False,False
2022-02-22 22:00:00,flxout_d01_20220222_050000.nc,16,0.2232016949152542,False,False
2022-02-22 23:00:00,flxout_d01_20220222_050000.nc,17,0.1942983050847457,False,False
2022-02-23 00:00:00,flxout_d01_20220222_050000.nc,18,0.2133610169491525,False,False
2022-02-23 01:00:00,flxout_d01_20220222_050000.nc,19,0.261657627118644,False,False
2022-02-23 02:00:00,flxout_d01_20220222_050000.nc,20,0.2760642857142857,False,False
2022-02-23 03:00:00,flxout_d01_20220222_050000.nc,21,0.3542745762711865,False,False
2022-02-23 04:00:00,flxout_d01_20220222_050000.nc,22,0.4566593220338983,False,False
2022-02-23 05:00:00,flxout_d01_20220222_050000.nc,23,0.4849915254237288,False,False
2022-02-23 06:00:00,flxout_d01_20220223_050000.nc,0,0.5847440677966101,False,False
2022-02-23 07:00:00,flxout_d01_20220223_050000.nc,1,0.9139627118644068,False,False
2022-02-23 08:00:00,flxout_d01_20220223_050000.nc,2,1.255710169491525,True,False
2022-02-23 09:00:00,flxout_d01_20220223_050000.nc,3,0.6311389830508475,False,False
2022-02-23 10:00:00,flxout_d01_20220223_050000.nc,4,0.7832118644067796,False,False
2022-02-23 11:00:00,flxout_d01_20220223_050000.nc,5,0.4164305084745763,False,False
2022-02-23 12:00:00,flxout_d01_20220223_050000.nc,6,0.5576152542372881,False,False
2022-02-23 13:00:00,flxout_d01_20220223_050000.nc,7,0.6882206896551725,False,False
2022-02-23 14:00:00,flxout_d01_20220223_050000.nc,8,0.7288,False,False
2022-02-23 15:00:00,flxout_d01_20220223_050000.nc,9,0.6393576271186441,False,False
2022-02-23 16:00:00,flxout_d01_20220223_050000.nc,10,1.178425423728814,True,False
2022-02-23 17:00:00,flxout_d01_20220223_050000.nc,11,1.653166101694915,True,False
2022-02-23 18:00:00,flxout_d01_20220223_050000.nc,12,2.251125423728813,True,False
2022-02-23 19:00:00,flxout_d01_20220223_050000.nc,13,2.399372413793103,True,False
2022-02-23 20:00:00,flxout_d01_20220223_050000.nc,14,2.540491379310345,True,False
2022-02-23 21:00:00,flxout_d01_20220223_050000.nc,15,3.111671186440678,True,False
2022-02-23 22:00:00,flxout_d01_20220223_050000.nc,16,1.994303389830508,True,False
2022-02-23 23:00:00,flxout_d01_20220223_050000.nc,17,1.256433898305085,True,False
2022-02-24 00:00:00,flxout_d01_20220223_050000.nc,18,0.6874932203389831,False,False
2022-02-24 01:00:00,flxout_d01_20220223_050000.nc,19,0.4689305084745763,False,False
2022-02-24 02:00:00,flxout_d01_20220223_050000.nc,20,0.5545610169491525,False,False
2022-02-24 03:00:00,flxout_d01_20220223_050000.nc,21,0.5078847457627118,False,False
2022-02-24 04:00:00,flxout_d01_20220223_050000.nc,22,0.4970254237288136,False,False
2022-02-24 05:00:00,flxout_d01_20220223_050000.nc,23,0.5172830508474576,False,False
2022-02-24 06:00:00,flxout_d01_20220224_050000.nc,0,0.633864406779661,False,False
2022-02-24 07:00:00,flxout_d01_20220224_050000.nc,1,0.8244305084745762,False,False
2022-02-24 08:00:00,flxout_d01_20220224_050000.nc,2,0.8737762711864406,False,False
2022-02-24 09:00:00,flxout_d01_20220224_050000.nc,3,0.6905135593220338,False,False
2022-02-24 10:00:00,flxout_d01_20220224_050000.nc,4,0.9918271186440678,True,False
2022-02-24 11:00:00,flxout_d01_20220224_050000.nc,5,0.8380322033898305,False,False
2022-02-24 12:00:00,flxout_d01_20220224_050000.nc,6,0.9412677966101696,True,False
2022-02-24 13:00:00,flxout_d01_20220224_050000.nc,7,0.9388915254237288,False,False
2022-02-24 14:00:00,flxout_d01_20220224_050000.nc,8,1.011810169491526,True,False
2022-02-24 15:00:00,flxout_d01_20220224_050000.nc,9,1.45826779661017,True,False
2022-02-24 16:00:00,flxout_d01_20220224_050000.nc,10,1.942403389830508,True,False
2022-02-24 17:00:00,flxout_d01_20220224_050000.nc,11,2.423927118644068,True,False
2022-02-24 18:00:00,flxout_d01_20220224_050000.nc,12,2.744491525423729,True,False
2022-02-24 19:00:00,flxout_d01_20220224_050000.nc,13,2.50288813559322,True,False
2022-02-24 20:00:00,flxout_d01_20220224_050000.nc,14,1.512264406779661,True,False
2022-02-24 21:00:00,flxout_d01_20220224_050000.nc,15,1.380642372881356,True,False
2022-02-24 22:00:00,flxout_d01_20220224_050000.nc,16,0.8869440677966102,False,False
2022-02-24 23:00:00,flxout_d01_20220224_050000.nc,17,0.8555254237288136,False,False
2022-02-25 00:00:00,flxout_d01_20220224_050000.nc,18,0.8739542372881356,False,False
2022-02-25 01:00:00,flxout_d01_20220224_050000.nc,19,0.7759881355932203,False,False
2022-02-25 02:00:00,flxout_d01_20220224_050000.nc,20,0.9027254237288136,False,False
2022-02-25 03:00:00,flxout_d01_20220224_050000.nc,21,0.4671288135593221,False,False
2022-02-25 04:00:00,flxout_d01_20220224_050000.nc,22,0.3633627118644068,False,False
2022-02-25 05:00:00,flxout_d01_20220224_050000.nc,23,0.2794491525423729,False,False
2022-02-25 06:00:00,flxout_d01_20220225_050000.nc,0,0.3637101694915254,False,False
2022-02-25 07:00:00,flxout_d01_20220225_050000.nc,1,0.5791237288135593,False,False
2022-02-25 08:00:00,flxout_d01_20220225_050000.nc,2,0.7191186440677966,False,False
2022-02-25 09:00:00,flxout_d01_20220225_050000.nc,3,0.7815949152542373,False,False
2022-02-25 10:00:00,flxout_d01_20220225_050000.nc,4,0.8285881355932203,False,False
2022-02-25 11:00:00,flxout_d01_20220225_050000.nc,5,0.7411644067796611,False,False
2022-02-25 12:00:00,flxout_d01_20220225_050000.nc,6,0.6385881355932203,False,False
2022-02-25 13:00:00,flxout_d01_20220225_050000.nc,7,0.4881050847457628,False,False
2022-02-25 14:00:00,flxout_d01_20220225_050000.nc,8,0.4149525423728813,False,False
2022-02-25 15:00:00,flxout_d01_20220225_050000.nc,9,0.1874237288135593,False,False
2022-02-25 16:00:00,flxout_d01_20220225_050000.nc,10,0.264335593220339,False,False
2022-02-25 17:00:00,flxout_d01_20220225_050000.nc,11,0.2759881355932203,False,False
2022-02-25 18:00:00,flxout_d01_20220225_050000.nc,12,0.3310322033898305,False,False
2022-02-25 19:00:00,flxout_d01_20220225_050000.nc,13,0.3647237288135593,False,False
2022-02-25 20:00:00,flxout_d01_20220225_050000.nc,14,0.5275033898305085,False,False
2022-02-25 21:00:00,flxout_d01_20220225_050000.nc,15,0.777971186440678,False,False
2022-02-25 22:00:00,flxout_d01_20220225_050000.nc,16,0.8366288135593221,False,False
2022-02-25 23:00:00,flxout_d01_20220225_050000.nc,17,0.5033033898305085,False,False
2022-02-26 00:00:00,flxout_d01_20220225_050000.nc,18,0.4267457627118644,False,False
2022-02-26 01:00:00,flxout_d01_20220225_050000.nc,19,,False,False
2022-02-26 02:00:00,flxout_d01_20220225_050000.nc,20,,False,False
2022-02-26 03:00:00,flxout_d01_20220225_050000.nc,21,,False,False
2022-02-26 04:00:00,flxout_d01_20220225_050000.nc,22,,False,False
2022-02-26 05:00:00,flxout_d01_20220225_050000.nc,23,,False,False
2022-02-26 06:00:00,flxout_d01_20220226_050000.nc,0,,False,False
2022-02-26 07:00:00,flxout_d01_20220226_050000.nc,1,,False,False
2022-02-26 08:00:00,flxout_d01_20220226_050000.nc,2,,False,False
2022-02-26 09:00:00,flxout_d01_20220226_050000.nc,3,,False,False
2022-02-26 10:00:00,flxout_d01_20220226_050000.nc,4,,False,False
2022-02-26 11:00:00,flxout_d01_20220226_050000.nc,5,,False,False
2022-02-26 12:00:00,flxout_d01_20220226_050000.nc,6,,False,False
2022-02-26 13:00:00,flxout_d01_20220226_050000.nc,7,,False,False
2022-02-26 14:00:00,flxout_d01_20220226_050000.nc,8,,False,False
2022-02-26 15:00:00,flxout_d01_20220226_050000.nc,9,,False,False
2022-02-26 16:00:00,flxout_d01_20220226_050000.nc,10,,False,False
2022-02-26 17:00:00,flxout_d01_20220226_050000.nc,11,,False,False
2022-02-26 18:00:00,flxout_d01_20220226_050000.nc,12,,False,False
2022-02-26 19:00:00,flxout_d01_20220226_050000.nc,13,,False,False
2022-02-26 20:00:00,flxout_d01_20220226_050000.nc,14,,False,False
2022-02-26 21:00:00,flxout_d01_20220226_050000.nc,15,,False,False
2022-02-26 22:00:00,flxout_d01_20220226_050000.nc,16,,False,False
2022-02-26 23:00:00,flxout_d01_20220226_050000.nc,17,,False,False
2022-02-27 00:00:00,flxout_d01_20220226_050000.nc,18,,False,False
2022-02-27 01:00:00,flxout_d01_20220226_050000.nc,19,,False,False
2022-02-27 02:00:00,flxout_d01_20220226_050000.nc,20,,False,False
2022-02-27 03:00:00,flxout_d01_20220226_050000.nc,21,,False,False
2022-02-27 04:00:00,flxout_d01_20220226_050000.nc,22,,False,False
2022-02-27 05:00:00,flxout_d01_20220226_050000.nc,23,,False,False
